predictor,bucket_id,bin_label,edge,n_events,alert_rate,target_alert_rate,relative_error_pct,point_idx,mapping_new_fit_month,eval_month,seed
p1,0,>= 0.2,0.2,150936,0.7006810833730853,0.7,0.09729762472648103,0,2,3,0
p1,1,>= 0.5,0.5,150936,0.39160306355011393,0.35,11.886589585746844,0,2,3,0
p1,2,>= 0.6,0.6,150936,0.15077251285312981,0.1,50.772512853129804,0,2,3,0
p1,3,>= 0.8,0.8,150936,0.08677850214660518,0.05,73.55700429321035,0,2,3,0
p1_5,0,>= 0.2,0.2,150936,0.2851009699475274,0.7,-59.27129000749608,0,2,3,0
p1_5,1,>= 0.5,0.5,150936,0.1799305665977633,0.35,-48.59126668635334,0,2,3,0
p1_5,2,>= 0.6,0.6,150936,0.09366221444850797,0.1,-6.337785551492031,0,2,3,0
p1_5,3,>= 0.8,0.8,150936,0.065325700959347,0.05,30.651401918694006,0,2,3,0
p2,0,>= 0.2,0.2,150936,0.719092860550167,0.7,2.7275515071667162,0,2,3,0
p2,1,>= 0.5,0.5,150936,0.40223670959877034,0.35,14.924774171077246,0,2,3,0
p2,2,>= 0.6,0.6,150936,0.14786399533577146,0.1,47.863995335771456,0,2,3,0
p2,3,>= 0.8,0.8,150936,0.08520830020671012,0.05,70.41660041342024,0,2,3,0
custom,0,>= 0.2,0.2,150936,0.7173172735464037,0.7,2.4738962209148254,0,2,3,0
custom,1,>= 0.5,0.5,150936,0.4001431070122436,0.35,14.326602003498175,0,2,3,0
custom,2,>= 0.6,0.6,150936,0.14939444532782106,0.1,49.39444532782106,0,2,3,0
custom,3,>= 0.8,0.8,150936,0.08675200084804155,0.05,73.5040016960831,0,2,3,0
default,0,>= 0.2,0.2,150936,0.7027216833624848,0.7,0.3888119089263993,0,2,3,0
default,1,>= 0.5,0.5,150936,0.390814649917846,0.35,11.661328547956002,0,2,3,0
default,2,>= 0.6,0.6,150936,0.14156993692690942,0.1,41.56993692690941,0,2,3,0
default,3,>= 0.8,0.8,150936,0.07957014893729793,0.05,59.140297874595845,0,2,3,0
raw,0,>= 0.2,0.2,150936,0.008785180473843218,0.7,-98.74497421802239,0,2,3,0
raw,1,>= 0.5,0.5,150936,0.0012256850585678698,0.35,-99.64980426898062,0,2,3,0
raw,2,>= 0.6,0.6,150936,0.0005764032437589442,0.1,-99.42359675624105,0,2,3,0
raw,3,>= 0.8,0.8,150936,0.00011263051889542588,0.05,-99.77473896220914,0,2,3,0
p1,0,>= 0.2,0.2,127691,0.7281249265805734,0.7,4.017846654367632,1,3,4,0
p1,1,>= 0.5,0.5,127691,0.41497051475828367,0.35,18.563004216652484,1,3,4,0
p1,2,>= 0.6,0.6,127691,0.15855463580048712,0.1,58.55463580048711,1,3,4,0
p1,3,>= 0.8,0.8,127691,0.09066418150065392,0.05,81.32836300130782,1,3,4,0
p1_5,0,>= 0.2,0.2,127691,0.3033808177553626,0.7,-56.65988317780535,1,3,4,0
p1_5,1,>= 0.5,0.5,127691,0.19018568262446062,0.35,-45.66123353586839,1,3,4,0
p1_5,2,>= 0.6,0.6,127691,0.09688231746951625,0.1,-3.1176825304837505,1,3,4,0
p1_5,3,>= 0.8,0.8,127691,0.06646513849840631,0.05,32.930276996812616,1,3,4,0
p2,0,>= 0.2,0.2,127691,0.7289707183748267,0.7,4.138674053546684,1,3,4,0
p2,1,>= 0.5,0.5,127691,0.37237550023102645,0.35,6.393000066007564,1,3,4,0
p2,2,>= 0.6,0.6,127691,0.10378961712258498,0.1,3.789617122584979,1,3,4,0
p2,3,>= 0.8,0.8,127691,0.050340274569076915,0.05,0.6805491381538242,1,3,4,0
custom,0,>= 0.2,0.2,127691,0.7399581802946175,0.7,5.708311470659645,1,3,4,0
custom,1,>= 0.5,0.5,127691,0.40681019022483966,0.35,16.231482921382767,1,3,4,0
custom,2,>= 0.6,0.6,127691,0.1351309019429717,0.1,35.13090194297169,1,3,4,0
custom,3,>= 0.8,0.8,127691,0.07134410412636756,0.05,42.688208252735116,1,3,4,0
default,0,>= 0.2,0.2,127691,0.7315394193795961,0.7,4.5056313399423065,1,3,4,0
default,1,>= 0.5,0.5,127691,0.4161843826111472,0.35,18.909823603184925,1,3,4,0
default,2,>= 0.6,0.6,127691,0.14884369297757868,0.1,48.84369297757868,1,3,4,0
default,3,>= 0.8,0.8,127691,0.08096107008324784,0.05,61.922140166495666,1,3,4,0
raw,0,>= 0.2,0.2,127691,0.007588631931772795,0.7,-98.91590972403245,1,3,4,0
raw,1,>= 0.5,0.5,127691,0.0009162744437744242,0.35,-99.73820730177874,1,3,4,0
raw,2,>= 0.6,0.6,127691,0.00047771573564307584,0.1,-99.52228426435693,1,3,4,0
raw,3,>= 0.8,0.8,127691,5.481983851641854e-05,0.05,-99.89036032296717,1,3,4,0
p1,0,>= 0.2,0.2,119323,0.6843274138263369,0.7,-2.2389408819518675,2,4,5,0
p1,1,>= 0.5,0.5,119323,0.35317583366157407,0.35,0.9073810461640257,2,4,5,0
p1,2,>= 0.6,0.6,119323,0.11321371403669032,0.1,13.21371403669032,2,4,5,0
p1,3,>= 0.8,0.8,119323,0.058421259941503316,0.05,16.842519883006627,2,4,5,0
p1_5,0,>= 0.2,0.2,119323,0.2439931949414614,0.7,-65.14382929407694,2,4,5,0
p1_5,1,>= 0.5,0.5,119323,0.13869916110054223,0.35,-60.37166825698793,2,4,5,0
p1_5,2,>= 0.6,0.6,119323,0.0621757749972763,0.1,-37.82422500272371,2,4,5,0
p1_5,3,>= 0.8,0.8,119323,0.04078844816171233,0.05,-18.423103676575348,2,4,5,0
p2,0,>= 0.2,0.2,119323,0.6635434911961651,0.7,-5.208072686262127,2,4,5,0
p2,1,>= 0.5,0.5,119323,0.2905139830543986,0.35,-16.996004841600403,2,4,5,0
p2,2,>= 0.6,0.6,119323,0.06439663769767773,0.1,-35.603362302322275,2,4,5,0
p2,3,>= 0.8,0.8,119323,0.029365671329081567,0.05,-41.26865734183687,2,4,5,0
custom,0,>= 0.2,0.2,119323,0.7003427671111185,0.7,0.0489667301597972,2,4,5,0
custom,1,>= 0.5,0.5,119323,0.33499828197413745,0.35,-4.286205150246438,2,4,5,0
custom,2,>= 0.6,0.6,119323,0.0846274398062402,0.1,-15.372560193759806,2,4,5,0
custom,3,>= 0.8,0.8,119323,0.039916864309479314,0.05,-20.16627138104138,2,4,5,0
default,0,>= 0.2,0.2,119323,0.7002841028133721,0.7,0.040586116196014314,2,4,5,0
default,1,>= 0.5,0.5,119323,0.3583801949330808,0.35,2.3943414094516693,2,4,5,0
default,2,>= 0.6,0.6,119323,0.10312345482430042,0.1,3.1234548243004174,2,4,5,0
default,3,>= 0.8,0.8,119323,0.050836804304283334,0.05,1.6736086085666624,2,4,5,0
raw,0,>= 0.2,0.2,119323,0.004039455930541471,0.7,-99.4229348670655,2,4,5,0
raw,1,>= 0.5,0.5,119323,0.0005112174517905182,0.35,-99.853937870917,2,4,5,0
raw,2,>= 0.6,0.6,119323,0.00020951534909447467,0.1,-99.79048465090553,2,4,5,0
raw,3,>= 0.8,0.8,119323,3.3522455855115945e-05,0.05,-99.93295508828976,2,4,5,0
p1,0,>= 0.2,0.2,108168,0.7113379187929887,0.7,1.619702684712676,3,5,6,0
p1,1,>= 0.5,0.5,108168,0.390420457066785,0.35,11.548702019081441,3,5,6,0
p1,2,>= 0.6,0.6,108168,0.14069780341690705,0.1,40.69780341690704,3,5,6,0
p1,3,>= 0.8,0.8,108168,0.07569706382664004,0.05,51.39412765328007,3,5,6,0
p1_5,0,>= 0.2,0.2,108168,0.2554452333407292,0.7,-63.50782380846726,3,5,6,0
p1_5,1,>= 0.5,0.5,108168,0.15044190518452777,0.35,-57.01659851870635,3,5,6,0
p1_5,2,>= 0.6,0.6,108168,0.07175874565490718,0.1,-28.24125434509282,3,5,6,0
p1_5,3,>= 0.8,0.8,108168,0.047010206345684494,0.05,-5.979587308631018,3,5,6,0
p2,0,>= 0.2,0.2,108168,0.6946509133939798,0.7,-0.7641552294314545,3,5,6,0
p2,1,>= 0.5,0.5,108168,0.357804526292434,0.35,2.229864654981143,3,5,6,0
p2,2,>= 0.6,0.6,108168,0.11219584350269951,0.1,12.195843502699505,3,5,6,0
p2,3,>= 0.8,0.8,108168,0.05815952962059019,0.05,16.319059241180376,3,5,6,0
custom,0,>= 0.2,0.2,108168,0.6951131573108498,0.7,-0.698120384164312,3,5,6,0
custom,1,>= 0.5,0.5,108168,0.3459063678721988,0.35,-1.1696091793717636,3,5,6,0
custom,2,>= 0.6,0.6,108168,0.09874454552178093,0.1,-1.2554544782190784,3,5,6,0
custom,3,>= 0.8,0.8,108168,0.0479162044227498,0.05,-4.1675911545004105,3,5,6,0
default,0,>= 0.2,0.2,108168,0.6951039124325123,0.7,-0.6994410810696581,3,5,6,0
default,1,>= 0.5,0.5,108168,0.3655702240958509,0.35,4.448635455957402,3,5,6,0
default,2,>= 0.6,0.6,108168,0.1155794689741883,0.1,15.579468974188298,3,5,6,0
default,3,>= 0.8,0.8,108168,0.05897307891428149,0.05,17.946157828562974,3,5,6,0
raw,0,>= 0.2,0.2,108168,0.004825826492123364,0.7,-99.31059621541095,3,5,6,0
raw,1,>= 0.5,0.5,108168,0.0005177131868944605,0.35,-99.85208194660157,3,5,6,0
raw,2,>= 0.6,0.6,108168,0.00029583610679683456,0.1,-99.70416389320317,3,5,6,0
raw,3,>= 0.8,0.8,108168,2.773463501220324e-05,0.05,-99.94453072997558,3,5,6,0
p1,0,>= 0.2,0.2,96843,0.6612042171349504,0.7,-5.542254695007085,4,6,7,0
p1,1,>= 0.5,0.5,96843,0.34920438235081525,0.35,-0.22731932833849494,4,6,7,0
p1,2,>= 0.6,0.6,96843,0.1223939778817261,0.1,22.39397788172609,4,6,7,0
p1,3,>= 0.8,0.8,96843,0.06574558822010884,0.05,31.49117644021768,4,6,7,0
p1_5,0,>= 0.2,0.2,96843,0.19393244736325807,0.7,-72.2953646623917,4,6,7,0
p1_5,1,>= 0.5,0.5,96843,0.11170657662402032,0.35,-68.0838352502799,4,6,7,0
p1_5,2,>= 0.6,0.6,96843,0.05101039827349421,0.1,-48.989601726505796,4,6,7,0
p1_5,3,>= 0.8,0.8,96843,0.03276437119874436,0.05,-34.47125760251128,4,6,7,0
p2,0,>= 0.2,0.2,96843,0.6026764970106254,0.7,-13.903357569910648,4,6,7,0
p2,1,>= 0.5,0.5,96843,0.2702415249424326,0.35,-22.78813573073354,4,6,7,0
p2,2,>= 0.6,0.6,96843,0.07148683952376526,0.1,-28.513160476234738,4,6,7,0
p2,3,>= 0.8,0.8,96843,0.035067067315138936,0.05,-29.865865369722133,4,6,7,0
custom,0,>= 0.2,0.2,96843,0.5978645849467695,0.7,-14.59077357903292,4,6,7,0
custom,1,>= 0.5,0.5,96843,0.26725731338351766,0.35,-23.640767604709236,4,6,7,0
custom,2,>= 0.6,0.6,96843,0.0708053240812449,0.1,-29.194675918755102,4,6,7,0
custom,3,>= 0.8,0.8,96843,0.03374534039631156,0.05,-32.50931920737688,4,6,7,0
default,0,>= 0.2,0.2,96843,0.5968939417407556,0.7,-14.729436894177764,4,6,7,0
default,1,>= 0.5,0.5,96843,0.2832006443418729,0.35,-19.085530188036305,4,6,7,0
default,2,>= 0.6,0.6,96843,0.08278347428311804,0.1,-17.216525716881968,4,6,7,0
default,3,>= 0.8,0.8,96843,0.04132461819646231,0.05,-17.350763607075383,4,6,7,0
raw,0,>= 0.2,0.2,96843,0.0027673657362948276,0.7,-99.60466203767217,4,6,7,0
raw,1,>= 0.5,0.5,96843,0.0002581497888334727,0.35,-99.92624291747615,4,6,7,0
raw,2,>= 0.6,0.6,96843,0.00012391189864006691,0.1,-99.87608810135993,4,6,7,0
raw,3,>= 0.8,0.8,96843,2.0651983106677818e-05,0.05,-99.95869603378665,4,6,7,0
p1,0,>= 0.2,0.2,150936,0.7027548099856893,0.7,0.3935442836699047,0,2,3,1
p1,1,>= 0.5,0.5,150936,0.3941405628875815,0.35,12.611589396451858,0,2,3,1
p1,2,>= 0.6,0.6,150936,0.15217708167700217,0.1,52.17708167700216,0,2,3,1
p1,3,>= 0.8,0.8,150936,0.08926299888694546,0.05,78.52599777389091,0,2,3,1
p1_5,0,>= 0.2,0.2,150936,0.2831001219059734,0.7,-59.5571254420038,0,2,3,1
p1_5,1,>= 0.5,0.5,150936,0.18024858218052683,0.35,-48.50040509127804,0,2,3,1
p1_5,2,>= 0.6,0.6,150936,0.09540467482906663,0.1,-4.595325170933376,0,2,3,1
p1_5,3,>= 0.8,0.8,150936,0.06649175809614671,0.05,32.98351619229342,0,2,3,1
p2,0,>= 0.2,0.2,150936,0.7207889436582392,0.7,2.969849094034178,0,2,3,1
p2,1,>= 0.5,0.5,150936,0.40457544919701066,0.35,15.592985484860197,0,2,3,1
p2,2,>= 0.6,0.6,150936,0.15052737584141623,0.1,50.52737584141622,0,2,3,1
p2,3,>= 0.8,0.8,150936,0.08728865214395505,0.05,74.5773042879101,0,2,3,1
custom,0,>= 0.2,0.2,150936,0.718801346265967,0.7,2.6859066094238684,0,2,3,1
custom,1,>= 0.5,0.5,150936,0.40258122648009753,0.35,15.023207565742158,0,2,3,1
custom,2,>= 0.6,0.6,150936,0.15199157258705676,0.1,51.991572587056744,0,2,3,1
custom,3,>= 0.8,0.8,150936,0.08818969629511846,0.05,76.3793925902369,0,2,3,1
default,0,>= 0.2,0.2,150936,0.6980905814384905,0.7,-0.2727740802156431,0,2,3,1
default,1,>= 0.5,0.5,150936,0.3865479408491016,0.35,10.442268814029037,0,2,3,1
default,2,>= 0.6,0.6,150936,0.14133805056447765,0.1,41.33805056447765,0,2,3,1
default,3,>= 0.8,0.8,150936,0.08031881062172047,0.05,60.63762124344093,0,2,3,1
raw,0,>= 0.2,0.2,150936,0.008864684369534108,0.7,-98.73361651863797,0,2,3,1
raw,1,>= 0.5,0.5,150936,0.0015105740181268882,0.35,-99.56840742339233,0,2,3,1
raw,2,>= 0.6,0.6,150936,0.0006426564901680183,0.1,-99.35734350983198,0,2,3,1
raw,3,>= 0.8,0.8,150936,7.950389569088885e-05,0.05,-99.84099220861822,0,2,3,1
p1,0,>= 0.2,0.2,127691,0.7297381961140565,0.7,4.248313730579514,1,3,4,1
p1,1,>= 0.5,0.5,127691,0.41593377763507217,0.35,18.8382221814492,1,3,4,1
p1,2,>= 0.6,0.6,127691,0.1602383879834914,0.1,60.23838798349141,1,3,4,1
p1,3,>= 0.8,0.8,127691,0.0933111965604467,0.05,86.62239312089339,1,3,4,1
p1_5,0,>= 0.2,0.2,127691,0.30136814654125976,0.7,-56.947407636962886,1,3,4,1
p1_5,1,>= 0.5,0.5,127691,0.19074954382062947,0.35,-45.500130336963004,1,3,4,1
p1_5,2,>= 0.6,0.6,127691,0.09903595398266127,0.1,-0.9640460173387377,1,3,4,1
p1_5,3,>= 0.8,0.8,127691,0.0685796179840396,0.05,37.15923596807919,1,3,4,1
p2,0,>= 0.2,0.2,127691,0.7253212834107338,0.7,3.617326201533402,1,3,4,1
p2,1,>= 0.5,0.5,127691,0.37141223735423795,0.35,6.1177821012108495,1,3,4,1
p2,2,>= 0.6,0.6,127691,0.10422817583071634,0.1,4.22817583071633,1,3,4,1
p2,3,>= 0.8,0.8,127691,0.0511469093358185,0.05,2.2938186716369993,1,3,4,1
custom,0,>= 0.2,0.2,127691,0.7372485139908059,0.7,5.321216284400854,1,3,4,1
custom,1,>= 0.5,0.5,127691,0.40761682499158125,0.35,16.46194999759465,1,3,4,1
custom,2,>= 0.6,0.6,127691,0.13777008559726214,0.1,37.77008559726214,1,3,4,1
custom,3,>= 0.8,0.8,127691,0.07309833895889295,0.05,46.19667791778589,1,3,4,1
default,0,>= 0.2,0.2,127691,0.7234574089011755,0.7,3.3510584144536484,1,3,4,1
default,1,>= 0.5,0.5,127691,0.4100523921028107,0.35,17.157826315088776,1,3,4,1
default,2,>= 0.6,0.6,127691,0.14896116406011387,0.1,48.96116406011386,1,3,4,1
default,3,>= 0.8,0.8,127691,0.0824333743176888,0.05,64.86674863537758,1,3,4,1
raw,0,>= 0.2,0.2,127691,0.008528400592054257,0.7,-98.78165705827796,1,3,4,1
raw,1,>= 0.5,0.5,127691,0.0011982050418588624,0.35,-99.65765570232604,1,3,4,1
raw,2,>= 0.6,0.6,127691,0.0005951868181782585,0.1,-99.40481318182174,1,3,4,1
raw,3,>= 0.8,0.8,127691,9.397686602814607e-05,0.05,-99.81204626794371,1,3,4,1
p1,0,>= 0.2,0.2,119323,0.686673985736195,0.7,-1.9037163234007108,2,4,5,1
p1,1,>= 0.5,0.5,119323,0.35321773673139295,0.35,0.9193533518265637,2,4,5,1
p1,2,>= 0.6,0.6,119323,0.11416072341459735,0.1,14.160723414597342,2,4,5,1
p1,3,>= 0.8,0.8,119323,0.05996329291083865,0.05,19.926585821677293,2,4,5,1
p1_5,0,>= 0.2,0.2,119323,0.2424008782883434,0.7,-65.37130310166522,2,4,5,1
p1_5,1,>= 0.5,0.5,119323,0.14059317985635628,0.35,-59.830520041041055,2,4,5,1
p1_5,2,>= 0.6,0.6,119323,0.06593029005304929,0.1,-34.06970994695072,2,4,5,1
p1_5,3,>= 0.8,0.8,119323,0.043780327346781424,0.05,-12.439345306437158,2,4,5,1
p2,0,>= 0.2,0.2,119323,0.6637865290011146,0.7,-5.173352999840771,2,4,5,1
p2,1,>= 0.5,0.5,119323,0.2919051649723859,0.35,-16.59852429360403,2,4,5,1
p2,2,>= 0.6,0.6,119323,0.06667616469582562,0.1,-33.32383530417439,2,4,5,1
p2,3,>= 0.8,0.8,119323,0.03036296439077127,0.05,-39.274071218457465,2,4,5,1
custom,0,>= 0.2,0.2,119323,0.6964541622319251,0.7,-0.5065482525821174,2,4,5,1
custom,1,>= 0.5,0.5,119323,0.3362469934547405,0.35,-3.9294304415027037,2,4,5,1
custom,2,>= 0.6,0.6,119323,0.08742656487014239,0.1,-12.573435129857618,2,4,5,1
custom,3,>= 0.8,0.8,119323,0.042322100517083884,0.05,-15.355798965832237,2,4,5,1
default,0,>= 0.2,0.2,119323,0.6901351793032358,0.7,-1.4092600995377427,2,4,5,1
default,1,>= 0.5,0.5,119323,0.35240481717690636,0.35,0.6870906219732521,2,4,5,1
default,2,>= 0.6,0.6,119323,0.1052521307711003,0.1,5.252130771100289,2,4,5,1
default,3,>= 0.8,0.8,119323,0.05418904988979493,0.05,8.378099779589851,2,4,5,1
raw,0,>= 0.2,0.2,119323,0.004818853029172917,0.7,-99.31159242440386,2,4,5,1
raw,1,>= 0.5,0.5,119323,0.0007710164846676668,0.35,-99.77970957580924,2,4,5,1
raw,2,>= 0.6,0.6,119323,0.00028494087476848553,0.1,-99.7150591252315,2,4,5,1
raw,3,>= 0.8,0.8,119323,1.6761227927557973e-05,0.05,-99.9664775441449,2,4,5,1
p1,0,>= 0.2,0.2,108168,0.7117539383181717,0.7,1.6791340454531043,3,5,6,1
p1,1,>= 0.5,0.5,108168,0.3899397233932401,0.35,11.411349540925757,3,5,6,1
p1,2,>= 0.6,0.6,108168,0.1422694327342652,0.1,42.2694327342652,3,5,6,1
p1,3,>= 0.8,0.8,108168,0.07729642777901043,0.05,54.592855558020844,3,5,6,1
p1_5,0,>= 0.2,0.2,108168,0.2534298498631758,0.7,-63.795735733832025,3,5,6,1
p1_5,1,>= 0.5,0.5,108168,0.1515697803416907,0.35,-56.694348473802656,3,5,6,1
p1_5,2,>= 0.6,0.6,108168,0.07472635160121292,0.1,-25.27364839878708,3,5,6,1
p1_5,3,>= 0.8,0.8,108168,0.049931587900303234,0.05,-0.13682419939353707,3,5,6,1
p2,0,>= 0.2,0.2,108168,0.6982379261888914,0.7,-0.25172483015837144,3,5,6,1
p2,1,>= 0.5,0.5,108168,0.3570279565120923,0.35,2.0079875748835185,3,5,6,1
p2,2,>= 0.6,0.6,108168,0.11087382590045115,0.1,10.873825900451148,3,5,6,1
p2,3,>= 0.8,0.8,108168,0.05702240958508986,0.05,14.044819170179718,3,5,6,1
custom,0,>= 0.2,0.2,108168,0.6949929738924636,0.7,-0.7152894439337627,3,5,6,1
custom,1,>= 0.5,0.5,108168,0.3462391834923452,0.35,-1.074519002187072,3,5,6,1
custom,2,>= 0.6,0.6,108168,0.10025146069077731,0.1,0.2514606907773054,3,5,6,1
custom,3,>= 0.8,0.8,108168,0.049617262036831596,0.05,-0.7654759263368144,3,5,6,1
default,0,>= 0.2,0.2,108168,0.6883551512462096,0.7,-1.66354982197005,3,5,6,1
default,1,>= 0.5,0.5,108168,0.359579542933215,0.35,2.737012266632858,3,5,6,1
default,2,>= 0.6,0.6,108168,0.11658716071296502,0.1,16.58716071296501,3,5,6,1
default,3,>= 0.8,0.8,108168,0.061681828267140006,0.05,23.363656534280004,3,5,6,1
raw,0,>= 0.2,0.2,108168,0.005537682124103247,0.7,-99.20890255369955,3,5,6,1
raw,1,>= 0.5,0.5,108168,0.0007673249020042896,0.35,-99.78076431371306,3,5,6,1
raw,2,>= 0.6,0.6,108168,0.00035130537682124104,0.1,-99.64869462317877,3,5,6,1
raw,3,>= 0.8,0.8,108168,5.546927002440648e-05,0.05,-99.8890614599512,3,5,6,1
p1,0,>= 0.2,0.2,96843,0.6627634418595045,0.7,-5.319508305785061,4,6,7,1
p1,1,>= 0.5,0.5,96843,0.3505570872443026,0.35,0.15916778408647012,4,6,7,1
p1,2,>= 0.6,0.6,96843,0.12371570480055347,0.1,23.71570480055346,4,6,7,1
p1,3,>= 0.8,0.8,96843,0.06760426669970984,0.05,35.20853339941968,4,6,7,1
p1_5,0,>= 0.2,0.2,96843,0.1846287289736997,0.7,-73.62446728947147,4,6,7,1
p1_5,1,>= 0.5,0.5,96843,0.10536641781027023,0.35,-69.89530919706564,4,6,7,1
p1_5,2,>= 0.6,0.6,96843,0.04921367574321324,0.1,-50.78632425678676,4,6,7,1
p1_5,3,>= 0.8,0.8,96843,0.03151492622079035,0.05,-36.970147558419306,4,6,7,1
p2,0,>= 0.2,0.2,96843,0.5964292721208554,0.7,-14.795818268449224,4,6,7,1
p2,1,>= 0.5,0.5,96843,0.264799727393823,0.35,-24.342935030336278,4,6,7,1
p2,2,>= 0.6,0.6,96843,0.06760426669970984,0.1,-32.39573330029016,4,6,7,1
p2,3,>= 0.8,0.8,96843,0.03154590419545037,0.05,-36.90819160909926,4,6,7,1
custom,0,>= 0.2,0.2,96843,0.5920923556684531,0.7,-15.415377761649554,4,6,7,1
custom,1,>= 0.5,0.5,96843,0.2615367140629679,0.35,-25.275224553437738,4,6,7,1
custom,2,>= 0.6,0.6,96843,0.06779013454766994,0.1,-32.209865452330064,4,6,7,1
custom,3,>= 0.8,0.8,96843,0.03138068833059694,0.05,-37.23862333880612,4,6,7,1
default,0,>= 0.2,0.2,96843,0.5839141703582087,0.7,-16.583689948827324,4,6,7,1
default,1,>= 0.5,0.5,96843,0.2726268289912539,0.35,-22.106620288213165,4,6,7,1
default,2,>= 0.6,0.6,96843,0.07925198517187614,0.1,-20.74801482812387,4,6,7,1
default,3,>= 0.8,0.8,96843,0.03951756967462801,0.05,-20.964860650743987,4,6,7,1
raw,0,>= 0.2,0.2,96843,0.0028396476771682003,0.7,-99.59433604611884,4,6,7,1
raw,1,>= 0.5,0.5,96843,0.00030977974660016726,0.35,-99.91149150097137,4,6,7,1
raw,2,>= 0.6,0.6,96843,0.000113585907086728,0.1,-99.88641409291328,4,6,7,1
raw,3,>= 0.8,0.8,96843,1.0325991553338909e-05,0.05,-99.97934801689333,4,6,7,1
p1,0,>= 0.2,0.2,150936,0.7014297450575078,0.7,0.20424929392968777,0,2,3,2
p1,1,>= 0.5,0.5,150936,0.3931335135421636,0.35,12.323861012046745,0,2,3,2
p1,2,>= 0.6,0.6,150936,0.15089839402130703,0.1,50.89839402130703,0,2,3,2
p1,3,>= 0.8,0.8,150936,0.0878716807123549,0.05,75.7433614247098,0,2,3,2
p1_5,0,>= 0.2,0.2,150936,0.29324349393120264,0.7,-58.10807229554248,0,2,3,2
p1_5,1,>= 0.5,0.5,150936,0.18483993215667568,0.35,-47.18859081237837,0,2,3,2
p1_5,2,>= 0.6,0.6,150936,0.09566306249006201,0.1,-4.336937509937994,0,2,3,2
p1_5,3,>= 0.8,0.8,150936,0.06806196003604177,0.05,36.123920072083536,0,2,3,2
p2,0,>= 0.2,0.2,150936,0.7204841787247576,0.7,2.926311246393944,0,2,3,2
p2,1,>= 0.5,0.5,150936,0.4064040387979011,0.35,16.115439656543177,0,2,3,2
p2,2,>= 0.6,0.6,150936,0.15010335506439815,0.1,50.10335506439814,0,2,3,2
p2,3,>= 0.8,0.8,150936,0.08712301902793237,0.05,74.24603805586474,0,2,3,2
custom,0,>= 0.2,0.2,150936,0.7207756930089574,0.7,2.967956144136776,0,2,3,2
custom,1,>= 0.5,0.5,150936,0.4062914082790057,0.35,16.08325950828734,0,2,3,2
custom,2,>= 0.6,0.6,150936,0.1519451953145704,0.1,51.94519531457039,0,2,3,2
custom,3,>= 0.8,0.8,150936,0.08853421317644565,0.05,77.0684263528913,0,2,3,2
default,0,>= 0.2,0.2,150936,0.7040931255631526,0.7,0.5847322233075238,0,2,3,2
default,1,>= 0.5,0.5,150936,0.3926432395187364,0.35,12.183782719638984,0,2,3,2
default,2,>= 0.6,0.6,150936,0.1424444797795092,0.1,42.44447977950919,0,2,3,2
default,3,>= 0.8,0.8,150936,0.08152461970636561,0.05,63.04923941273122,0,2,3,2
raw,0,>= 0.2,0.2,150936,0.009507340859702125,0.7,-98.64180844861397,0,2,3,2
raw,1,>= 0.5,0.5,150936,0.0013979434992314624,0.35,-99.60058757164816,0,2,3,2
raw,2,>= 0.6,0.6,150936,0.0007420363597816292,0.1,-99.25796364021838,0,2,3,2
raw,3,>= 0.8,0.8,150936,5.962792176816664e-05,0.05,-99.88074415646366,0,2,3,2
p1,0,>= 0.2,0.2,127691,0.7392925108269182,0.7,5.613215832416887,1,3,4,2
p1,1,>= 0.5,0.5,127691,0.4269134081493606,0.35,21.975259471245888,1,3,4,2
p1,2,>= 0.6,0.6,127691,0.16214141952056135,0.1,62.14141952056135,1,3,4,2
p1,3,>= 0.8,0.8,127691,0.09318589407240918,0.05,86.37178814481835,1,3,4,2
p1_5,0,>= 0.2,0.2,127691,0.30979473886178355,0.7,-55.743608734030914,1,3,4,2
p1_5,1,>= 0.5,0.5,127691,0.19688153432896602,0.35,-43.74813304886685,1,3,4,2
p1_5,2,>= 0.6,0.6,127691,0.10114260206279221,0.1,1.1426020627922084,1,3,4,2
p1_5,3,>= 0.8,0.8,127691,0.07194712235004816,0.05,43.894244700096316,1,3,4,2
p2,0,>= 0.2,0.2,127691,0.7175838547744163,0.7,2.511979253488054,1,3,4,2
p2,1,>= 0.5,0.5,127691,0.3677158139571309,0.35,5.061661130608829,1,3,4,2
p2,2,>= 0.6,0.6,127691,0.10577096271467841,0.1,5.770962714678404,1,3,4,2
p2,3,>= 0.8,0.8,127691,0.05180474739801552,0.05,3.6094947960310373,1,3,4,2
custom,0,>= 0.2,0.2,127691,0.7318213499776804,0.7,4.545907139668642,1,3,4,2
custom,1,>= 0.5,0.5,127691,0.4071782662834499,0.35,16.336647509557118,1,3,4,2
custom,2,>= 0.6,0.6,127691,0.13962612870131802,0.1,39.62612870131802,1,3,4,2
custom,3,>= 0.8,0.8,127691,0.07529896390505204,0.05,50.59792781010408,1,3,4,2
default,0,>= 0.2,0.2,127691,0.7216013657971196,0.7,3.085909399588527,1,3,4,2
default,1,>= 0.5,0.5,127691,0.41343555927982395,0.35,18.124445508521138,1,3,4,2
default,2,>= 0.6,0.6,127691,0.1516864931749301,0.1,51.68649317493009,1,3,4,2
default,3,>= 0.8,0.8,127691,0.08612196630929353,0.05,72.24393261858705,1,3,4,2
raw,0,>= 0.2,0.2,127691,0.009194070059753624,0.7,-98.6865614200352,1,3,4,2
raw,1,>= 0.5,0.5,127691,0.0011198909868354073,0.35,-99.68003114661845,1,3,4,2
raw,2,>= 0.6,0.6,127691,0.0005325355741594944,0.1,-99.4674644258405,1,3,4,2
raw,3,>= 0.8,0.8,127691,5.481983851641854e-05,0.05,-99.89036032296717,1,3,4,2
p1,0,>= 0.2,0.2,119323,0.699035391332769,0.7,-0.13780123817584503,2,4,5,2
p1,1,>= 0.5,0.5,119323,0.36592274750048187,0.35,4.549356428709113,2,4,5,2
p1,2,>= 0.6,0.6,119323,0.11546809919294687,0.1,15.468099192946866,2,4,5,2
p1,3,>= 0.8,0.8,119323,0.060306898083353586,0.05,20.613796166707164,2,4,5,2
p1_5,0,>= 0.2,0.2,119323,0.25162793426246405,0.7,-64.05315224821942,2,4,5,2
p1_5,1,>= 0.5,0.5,119323,0.14750718637647395,0.35,-57.85508960672172,2,4,5,2
p1_5,2,>= 0.6,0.6,119323,0.06860370590749479,0.1,-31.396294092505215,2,4,5,2
p1_5,3,>= 0.8,0.8,119323,0.04671354223410407,0.05,-6.5729155317918595,2,4,5,2
p2,0,>= 0.2,0.2,119323,0.6514418846324682,0.7,-6.9368736239331055,2,4,5,2
p2,1,>= 0.5,0.5,119323,0.2895083093787451,0.35,-17.28334017750139,2,4,5,2
p2,2,>= 0.6,0.6,119323,0.06785783126471845,0.1,-32.14216873528156,2,4,5,2
p2,3,>= 0.8,0.8,119323,0.03193851981596172,0.05,-36.12296036807656,2,4,5,2
custom,0,>= 0.2,0.2,119323,0.6786788800147499,0.7,-3.0458742836071577,2,4,5,2
custom,1,>= 0.5,0.5,119323,0.3324421947151848,0.35,-5.016515795661473,2,4,5,2
custom,2,>= 0.6,0.6,119323,0.08999103274305875,0.1,-10.008967256941254,2,4,5,2
custom,3,>= 0.8,0.8,119323,0.043771946732817646,0.05,-12.456106534364714,2,4,5,2
default,0,>= 0.2,0.2,119323,0.6755445303922966,0.7,-3.4936385153861993,2,4,5,2
default,1,>= 0.5,0.5,119323,0.35114772508233955,0.35,0.32792145209701945,2,4,5,2
default,2,>= 0.6,0.6,119323,0.10883903354759769,0.1,8.839033547597685,2,4,5,2
default,3,>= 0.8,0.8,119323,0.0571893096888278,0.05,14.378619377655596,2,4,5,2
raw,0,>= 0.2,0.2,119323,0.005422257234565004,0.7,-99.22539182363357,2,4,5,2
raw,1,>= 0.5,0.5,119323,0.0006872103450298769,0.35,-99.80365418713431,2,4,5,2
raw,2,>= 0.6,0.6,119323,0.00034360517251493845,0.1,-99.65639482748506,2,4,5,2
raw,3,>= 0.8,0.8,119323,0.00010056736756534784,0.05,-99.7988652648693,2,4,5,2
p1,0,>= 0.2,0.2,108168,0.7265272539013387,0.7,3.789607700191243,3,5,6,2
p1,1,>= 0.5,0.5,108168,0.40460210043635825,0.35,15.600600124673791,3,5,6,2
p1,2,>= 0.6,0.6,108168,0.14428481621181866,0.1,44.28481621181865,3,5,6,2
p1,3,>= 0.8,0.8,108168,0.0788588122180312,0.05,57.7176244360624,3,5,6,2
p1_5,0,>= 0.2,0.2,108168,0.26922934694179423,0.7,-61.53866472260082,3,5,6,2
p1_5,1,>= 0.5,0.5,108168,0.16316285777679165,0.35,-53.38204063520238,3,5,6,2
p1_5,2,>= 0.6,0.6,108168,0.07910842393314103,0.1,-20.89157606685897,3,5,6,2
p1_5,3,>= 0.8,0.8,108168,0.05464647585237778,0.05,9.292951704755554,3,5,6,2
p2,0,>= 0.2,0.2,108168,0.7067062347459507,0.7,0.9580335351358256,3,5,6,2
p2,1,>= 0.5,0.5,108168,0.36505251090895646,0.35,4.300717402558996,3,5,6,2
p2,2,>= 0.6,0.6,108168,0.11361030988832187,0.1,13.610309888321861,3,5,6,2
p2,3,>= 0.8,0.8,108168,0.058631018415797646,0.05,17.26203683159529,3,5,6,2
custom,0,>= 0.2,0.2,108168,0.6895569854300717,0.7,-1.4918592242754636,3,5,6,2
custom,1,>= 0.5,0.5,108168,0.35055654167591155,0.35,0.15901190740330584,3,5,6,2
custom,2,>= 0.6,0.6,108168,0.10443939057762,0.1,4.439390577619995,3,5,6,2
custom,3,>= 0.8,0.8,108168,0.05205790991790548,0.05,4.115819835810955,3,5,6,2
default,0,>= 0.2,0.2,108168,0.682993121810517,0.7,-2.4295540270689986,3,5,6,2
default,1,>= 0.5,0.5,108168,0.366494711929591,0.35,4.712774837026004,3,5,6,2
default,2,>= 0.6,0.6,108168,0.12303084091413358,0.1,23.03084091413357,3,5,6,2
default,3,>= 0.8,0.8,108168,0.06660010354263737,0.05,33.20020708527474,3,5,6,2
raw,0,>= 0.2,0.2,108168,0.006073885067672509,0.7,-99.13230213318964,3,5,6,2
raw,1,>= 0.5,0.5,108168,0.0008597736853783004,0.35,-99.7543503756062,3,5,6,2
raw,2,>= 0.6,0.6,108168,0.00034206049848383997,0.1,-99.65793950151615,3,5,6,2
raw,3,>= 0.8,0.8,108168,7.395902669920864e-05,0.05,-99.85208194660157,3,5,6,2
p1,0,>= 0.2,0.2,96843,0.6773230899497125,0.7,-3.239558578612499,4,6,7,2
p1,1,>= 0.5,0.5,96843,0.36030482327065455,0.35,2.944235220187021,4,6,7,2
p1,2,>= 0.6,0.6,96843,0.1251819956011276,0.1,25.181995601127603,4,6,7,2
p1,3,>= 0.8,0.8,96843,0.06816187024359015,0.05,36.32374048718029,4,6,7,2
p1_5,0,>= 0.2,0.2,96843,0.19315799799675765,0.7,-72.40600028617747,4,6,7,2
p1_5,1,>= 0.5,0.5,96843,0.11091147527441322,0.35,-68.31100706445336,4,6,7,2
p1_5,2,>= 0.6,0.6,96843,0.04963704139690014,0.1,-50.36295860309986,4,6,7,2
p1_5,3,>= 0.8,0.8,96843,0.033476864615924744,0.05,-33.046270768150514,4,6,7,2
p2,0,>= 0.2,0.2,96843,0.6029449727910122,0.7,-13.865003886998247,4,6,7,2
p2,1,>= 0.5,0.5,96843,0.26034922503433394,0.35,-25.614507133047443,4,6,7,2
p2,2,>= 0.6,0.6,96843,0.0648575529465217,0.1,-35.14244705347831,4,6,7,2
p2,3,>= 0.8,0.8,96843,0.0303067852090497,0.05,-39.3864295819006,4,6,7,2
custom,0,>= 0.2,0.2,96843,0.5931765847815537,0.7,-15.260487888349472,4,6,7,2
custom,1,>= 0.5,0.5,96843,0.26086552461200085,0.35,-25.46699296799975,4,6,7,2
custom,2,>= 0.6,0.6,96843,0.06734611691087637,0.1,-32.65388308912363,4,6,7,2
custom,3,>= 0.8,0.8,96843,0.03150460022923701,0.05,-36.99079954152598,4,6,7,2
default,0,>= 0.2,0.2,96843,0.5842755800625755,0.7,-16.532059991060635,4,6,7,2
default,1,>= 0.5,0.5,96843,0.27457844139483495,0.35,-21.549016744332867,4,6,7,2
default,2,>= 0.6,0.6,96843,0.08121392356701052,0.1,-18.78607643298949,4,6,7,2
default,3,>= 0.8,0.8,96843,0.041345270179568995,0.05,-17.309459640862016,4,6,7,2
raw,0,>= 0.2,0.2,96843,0.0029945375504682836,0.7,-99.57220892136166,4,6,7,2
raw,1,>= 0.5,0.5,96843,0.00024782379728013383,0.35,-99.9291932007771,4,6,7,2
raw,2,>= 0.6,0.6,96843,0.0001032599155333891,0.1,-99.8967400844666,4,6,7,2
raw,3,>= 0.8,0.8,96843,1.0325991553338909e-05,0.05,-99.97934801689333,4,6,7,2
